<?xml version="1.0" encoding="utf-8"?>
<!--/2349008/1482046/2.50/4/4/Power Supply/-->
<quadcept_library>
  <setting unit="mil" />
  <textstyle name="Default" height="47.244094488189" strokewidth="7.8740157480315" charwidth="47.244094488189" />
  <textstyle name="Dimension" height="19.6850393700787" strokewidth="0" charwidth="19.6850393700787" />
  <textstyle name="H127W0635TH00762" height="50" strokewidth="3" charwidth="25" />
  <textstyle name="H15W15TH02" height="59.0551181102362" strokewidth="7.8740157480315" charwidth="59.0551181102362" />
  <padstyle name="c140_h90" surface="False" plated="True" isvia="False" nopaste="True" nomask="True" complex="False" holesize="35.433070866141">
    <padshape layer="TOP" shape="round" width="55.11811023622" height="55.11811023622" />
    <padshape layer="TOP_SOLDER_MASK" shape="round" width="62.992125984251" height="62.992125984251" />
    <padshape layer="INNER" shape="round" width="55.11811023622" height="55.11811023622" />
    <padshape layer="BOTTOM" shape="round" width="55.11811023622" height="55.11811023622" />
    <padshape layer="BOTTOM_SOLDER_MASK" shape="round" width="62.992125984251" height="62.992125984251" />
  </padstyle>
  <footprint name="RAC0305SK" originx="0" originy="0" pickpointx="0" pickpointy="0">
    <pcbpin number="1" name="1" style="c140_h90" originx="0" originy="0" rotation="90" />
    <pcbpin number="2" name="2" style="c140_h90" originx="899.99999999999" originy="99.999999999999" rotation="90" />
    <pcbpin number="3" name="3" style="c140_h90" originx="899.99999999999" originy="699.99999999999" rotation="90" />
    <pcbpin number="4" name="4" style="c140_h90" originx="0" originy="699.99999999999" rotation="90" />
    <line layer="TOP_ASSEMBLY" originx="-111.02362204724" originy="800.78740157479" endx="1011.0236220472" endy="800.78740157479" width="7.8740157480314" />
    <line layer="TOP_ASSEMBLY" originx="1011.0236220472" originy="800.78740157479" endx="1011.0236220472" endy="-100.7874015748" width="7.8740157480314" />
    <line layer="TOP_ASSEMBLY" originx="1011.0236220472" originy="-100.7874015748" endx="-111.02362204724" endy="-100.7874015748" width="7.8740157480314" />
    <line layer="TOP_ASSEMBLY" originx="-111.02362204724" originy="-100.7874015748" endx="-111.02362204724" endy="800.78740157479" width="7.8740157480314" />
    <line layer="TOP_SILKSCREEN" originx="-111.02362204724" originy="800.78740157479" endx="1011.0236220472" endy="800.78740157479" width="3.9370078740157" />
    <line layer="TOP_SILKSCREEN" originx="1011.0236220472" originy="800.78740157479" endx="1011.0236220472" endy="-100.7874015748" width="3.9370078740157" />
    <line layer="TOP_SILKSCREEN" originx="1011.0236220472" originy="-100.7874015748" endx="-111.02362204724" endy="-100.7874015748" width="3.9370078740157" />
    <line layer="TOP_SILKSCREEN" originx="-111.02362204724" originy="-100.7874015748" endx="-111.02362204724" endy="800.78740157479" width="3.9370078740157" />
    <line layer="TOP_PLACE_BOUND" originx="-227.16535433071" originy="840.15748031495" endx="1050.3937007874" endy="840.15748031495" width="3.9370078740157" />
    <line layer="TOP_PLACE_BOUND" originx="1050.3937007874" originy="840.15748031495" endx="1050.3937007874" endy="-140.15748031496" width="3.9370078740157" />
    <line layer="TOP_PLACE_BOUND" originx="1050.3937007874" originy="-140.15748031496" endx="-227.16535433071" endy="-140.15748031496" width="3.9370078740157" />
    <line layer="TOP_PLACE_BOUND" originx="-227.16535433071" originy="-140.15748031496" endx="-227.16535433071" endy="840.15748031495" width="3.9370078740157" />
    <line layer="TOP_SILKSCREEN" originx="-179.92125984252" originy="-4.3307086614173" endx="-179.92125984252" endy="-4.3307086614173" width="7.8740157480314" />
    <arc layer="TOP_SILKSCREEN" originx="-183.85826771653" originy="-4.3307086614173" startangle=".0" sweepangle="180.0" radius="3.9370078740157" width="7.8740157480314" />
    <line layer="TOP_SILKSCREEN" originx="-187.79527559055" originy="-4.3307086614173" endx="-187.79527559055" endy="-4.3307086614173" width="7.8740157480314" />
    <arc layer="TOP_SILKSCREEN" originx="-183.85826771653" originy="-4.3307086614173" startangle="180.0" sweepangle="180.0" radius="3.9370078740157" width="7.8740157480314" />
  </footprint>
  <symbol name="RAC03-3.3SK" originx="0" originy="0">
    <line originx="200" originy="100" endx="1300" endy="100" width="0" />
    <line originx="1300" originy="-200" endx="1300" endy="100" width="0" />
    <line originx="1300" originy="-200" endx="200" endy="-200" width="0" />
    <line originx="200" originy="100" endx="200" endy="-200" width="0" />
    <sympin number="1" originx="200" originy="-100" rotation="180" length="100" width="7.8740157480315" flipped="False">
      <text name="pinname" originx="230" originy="-100" style="Default" rotation="0" justify="left" flipped="False" hidden="False" data="VAC_IN_(L)" />
      <text name="pindes" originx="140" originy="-80" style="Default" rotation="0" justify="lowerright" flipped="False" hidden="False" data="1" />
    </sympin>
    <sympin number="2" originx="1300" originy="-100" rotation="0" length="100" width="7.8740157480315" flipped="False">
      <text name="pinname" originx="1270" originy="-100" style="Default" rotation="0" justify="right" flipped="False" hidden="False" data="-VOUT" />
      <text name="pindes" originx="1360" originy="-80" style="Default" rotation="0" justify="lowerleft" flipped="False" hidden="False" data="2" />
    </sympin>
    <sympin number="3" originx="1300" originy="0" rotation="0" length="100" width="7.8740157480315" flipped="False">
      <text name="pinname" originx="1270" originy="0" style="Default" rotation="0" justify="right" flipped="False" hidden="False" data="+VOUT" />
      <text name="pindes" originx="1360" originy="20" style="Default" rotation="0" justify="lowerleft" flipped="False" hidden="False" data="3" />
    </sympin>
    <sympin number="4" originx="200" originy="0" rotation="180" length="100" width="7.8740157480315" flipped="False">
      <text name="pinname" originx="230" originy="0" style="Default" rotation="0" justify="left" flipped="False" hidden="False" data="VAC_IN_(N)" />
      <text name="pindes" originx="140" originy="20" style="Default" rotation="0" justify="lowerright" flipped="False" hidden="False" data="4" />
    </sympin>
  </symbol>
  <component name="RAC03-3.3SK" designatorprefix="PS" height="724.40944881889" footprint="RAC0305SK">
    <comppin designator="1" sympin="1" pinswap="0" gateswap="0" gate="1" group="1" side="" type="Any" name="VAC_IN_(L)" />
    <comppin designator="2" sympin="2" pinswap="0" gateswap="0" gate="1" group="1" side="" type="Any" name="-VOUT" />
    <comppin designator="3" sympin="3" pinswap="0" gateswap="0" gate="1" group="1" side="" type="Any" name="+VOUT" />
    <comppin designator="4" sympin="4" pinswap="0" gateswap="0" gate="1" group="1" side="" type="Any" name="VAC_IN_(N)" />
    <attached_symbol gate="1" name="RAC03-3.3SK" />
    <pinmap designator="1" footprintpin="1" />
    <pinmap designator="2" footprintpin="2" />
    <pinmap designator="3" footprintpin="3" />
    <pinmap designator="4" footprintpin="4" />
    <text name="Datasheet" originx="0" originy="0" style="Default" rotation="0" justify="" flipped="False" hidden="True" data="https://recom-power.com/pdf/Powerline_AC-DC/RAC03-K.pdf" />
    <text name="Description" originx="0" originy="0" style="Default" rotation="0" justify="" flipped="False" hidden="True" data="AC/DC Power Modules 3W 85-264Vin 3.3Vout 900mA" />
    <text name="Mouser Part Number" originx="0" originy="0" style="Default" rotation="0" justify="" flipped="False" hidden="True" data="919-RAC03-3.3SK" />
    <text name="Mouser Price/Stock" originx="0" originy="0" style="Default" rotation="0" justify="" flipped="False" hidden="True" data="https://www.mouser.co.uk/ProductDetail/RECOM-Power/RAC03-3.3SK?qs=EBDBlbfErPyS11fagCV%252BCw%3D%3D" />
    <text name="Manufacturer_Name" originx="0" originy="0" style="Default" rotation="0" justify="" flipped="False" hidden="True" data="RECOM Power" />
    <text name="Manufacturer_Part_Number" originx="1350" originy="200" style="Default" rotation="0" justify="left" flipped="False" hidden="False" data="RAC03-3.3SK" />
  </component>
</quadcept_library>
